SQL> set lines 200
SQL> set pages 100
SQL> select to_char(sysdate, 'dd-mm-yyyy hh:mi:ss') from dual;

TO_CHAR(SYSDATE,'DD                                                                                                                                                                                     
-------------------                                                                                                                                                                                     
04-03-2021 09:17:33                                                                                                                                                                                     

SQL> insert into login_lab_bd values( 'Grigore Lucian', '336CA', 'Lab1', user, sysdate, null, null);

1 row created.

SQL> select * from login_lab_bd;

NUME_STUD                      GRUPA      LABORATOR  NUME_USER  DATA_IN   DATA_SF       DURATA                                                                                                          
------------------------------ ---------- ---------- ---------- --------- --------- ----------                                                                                                          
Grigore Lucian                 336CA      Lab1       SCOTT      04-MAR-21                                                                                                                               

SQL> select table_name from user_tables;

TABLE_NAME                                                                                                                                                                                              
--------------------------------------------------------------------------------------------------------------------------------                                                                        
DEPT                                                                                                                                                                                                    
EMP                                                                                                                                                                                                     
SALGRADE                                                                                                                                                                                                
BONUS                                                                                                                                                                                                   
DEPARTAMENTE                                                                                                                                                                                            
GRILA_SALARIU                                                                                                                                                                                           
LOGIN_LAB_BD                                                                                                                                                                                            

7 rows selected.

SQL> select * from salgrade;

     GRADE      LOSAL      HISAL                                                                                                                                                                        
---------- ---------- ----------                                                                                                                                                                        
         1        700       1200                                                                                                                                                                        
         2       1201       1400                                                                                                                                                                        
         3       1401       2000                                                                                                                                                                        
         4       2001       3000                                                                                                                                                                        
         5       3001       9999                                                                                                                                                                        

SQL> select * from grila_salariu;

      GRAD  NIVEL_INF  NIVEL_SUP                                                                                                                                                                        
---------- ---------- ----------                                                                                                                                                                        
         1        700       1200                                                                                                                                                                        
         2       1201       1400                                                                                                                                                                        
         3       1401       2000                                                                                                                                                                        
         4       2001       3000                                                                                                                                                                        
         5       3001       9999                                                                                                                                                                        

SQL> select * from dept;

    DEPTNO DNAME          LOC                                                                                                                                                                           
---------- -------------- -------------                                                                                                                                                                 
        10 ACCOUNTING     NEW YORK                                                                                                                                                                      
        20 RESEARCH       DALLAS                                                                                                                                                                        
        30 SALES          CHICAGO                                                                                                                                                                       
        40 OPERATIONS     BOSTON                                                                                                                                                                        

SQL> select * from emp;

     EMPNO ENAME      JOB              MGR HIREDATE         SAL       COMM     DEPTNO                                                                                                                   
---------- ---------- --------- ---------- --------- ---------- ---------- ----------                                                                                                                   
      7369 SMITH      CLERK           7902 17-DEC-80        800                    20                                                                                                                   
      7499 ALLEN      SALESMAN        7698 20-FEB-81       1600        300         30                                                                                                                   
      7521 WARD       SALESMAN        7698 22-FEB-81       1250        500         30                                                                                                                   
      7566 JONES      MANAGER         7839 02-APR-81       2975                    20                                                                                                                   
      7654 MARTIN     SALESMAN        7698 28-SEP-81       1250       1400         30                                                                                                                   
      7698 BLAKE      MANAGER         7839 01-MAY-81       2850                    30                                                                                                                   
      7782 CLARK      MANAGER         7839 09-JUN-81       2450                    10                                                                                                                   
      7788 SCOTT      ANALYST         7566 19-APR-87       3000                    20                                                                                                                   
      7839 KING       PRESIDENT            17-NOV-81       5000                    10                                                                                                                   
      7844 TURNER     SALESMAN        7698 08-SEP-81       1500          0         30                                                                                                                   
      7876 ADAMS      CLERK           7788 23-MAY-87       1100                    20                                                                                                                   
      7900 JAMES      CLERK           7698 03-DEC-81        950                    30                                                                                                                   
      7902 FORD       ANALYST         7566 03-DEC-81       3000                    20                                                                                                                   
      7934 MILLER     CLERK           7782 23-JAN-82       1300                    10                                                                                                                   

14 rows selected.

SQL> select * from emp where DEPTNO = '10';

     EMPNO ENAME      JOB              MGR HIREDATE         SAL       COMM     DEPTNO                                                                                                                   
---------- ---------- --------- ---------- --------- ---------- ---------- ----------                                                                                                                   
      7782 CLARK      MANAGER         7839 09-JUN-81       2450                    10                                                                                                                   
      7839 KING       PRESIDENT            17-NOV-81       5000                    10                                                                                                                   
      7934 MILLER     CLERK           7782 23-JAN-82       1300                    10                                                                                                                   

SQL> select * from emp where DEPTNO = '20';

     EMPNO ENAME      JOB              MGR HIREDATE         SAL       COMM     DEPTNO                                                                                                                   
---------- ---------- --------- ---------- --------- ---------- ---------- ----------                                                                                                                   
      7369 SMITH      CLERK           7902 17-DEC-80        800                    20                                                                                                                   
      7566 JONES      MANAGER         7839 02-APR-81       2975                    20                                                                                                                   
      7788 SCOTT      ANALYST         7566 19-APR-87       3000                    20                                                                                                                   
      7876 ADAMS      CLERK           7788 23-MAY-87       1100                    20                                                                                                                   
      7902 FORD       ANALYST         7566 03-DEC-81       3000                    20                                                                                                                   

SQL> desc emp;
 Name                                                                                                              Null?    Type
 ----------------------------------------------------------------------------------------------------------------- -------- ----------------------------------------------------------------------------
 EMPNO                                                                                                             NOT NULL NUMBER(4)
 ENAME                                                                                                                      VARCHAR2(10)
 JOB                                                                                                                        VARCHAR2(9)
 MGR                                                                                                                        NUMBER(4)
 HIREDATE                                                                                                                   DATE
 SAL                                                                                                                        NUMBER(7,2)
 COMM                                                                                                                       NUMBER(7,2)
 DEPTNO                                                                                                                     NUMBER(2)

SQL> select ename, job, hiredate from emp where DEPTNO = '30';

ENAME      JOB       HIREDATE                                                                                                                                                                           
---------- --------- ---------                                                                                                                                                                          
ALLEN      SALESMAN  20-FEB-81                                                                                                                                                                          
WARD       SALESMAN  22-FEB-81                                                                                                                                                                          
MARTIN     SALESMAN  28-SEP-81                                                                                                                                                                          
BLAKE      MANAGER   01-MAY-81                                                                                                                                                                          
TURNER     SALESMAN  08-SEP-81                                                                                                                                                                          
JAMES      CLERK     03-DEC-81                                                                                                                                                                          

6 rows selected.

SQL> select table_name from user_tables;

TABLE_NAME                                                                                                                                                                                              
--------------------------------------------------------------------------------------------------------------------------------                                                                        
DEPT                                                                                                                                                                                                    
EMP                                                                                                                                                                                                     
SALGRADE                                                                                                                                                                                                
BONUS                                                                                                                                                                                                   
DEPARTAMENTE                                                                                                                                                                                            
GRILA_SALARIU                                                                                                                                                                                           
LOGIN_LAB_BD                                                                                                                                                                                            

7 rows selected.

SQL> select * from bonus;

no rows selected

SQL> select * from emp;

     EMPNO ENAME      JOB              MGR HIREDATE         SAL       COMM     DEPTNO                                                                                                                   
---------- ---------- --------- ---------- --------- ---------- ---------- ----------                                                                                                                   
      7369 SMITH      CLERK           7902 17-DEC-80        800                    20                                                                                                                   
      7499 ALLEN      SALESMAN        7698 20-FEB-81       1600        300         30                                                                                                                   
      7521 WARD       SALESMAN        7698 22-FEB-81       1250        500         30                                                                                                                   
      7566 JONES      MANAGER         7839 02-APR-81       2975                    20                                                                                                                   
      7654 MARTIN     SALESMAN        7698 28-SEP-81       1250       1400         30                                                                                                                   
      7698 BLAKE      MANAGER         7839 01-MAY-81       2850                    30                                                                                                                   
      7782 CLARK      MANAGER         7839 09-JUN-81       2450                    10                                                                                                                   
      7788 SCOTT      ANALYST         7566 19-APR-87       3000                    20                                                                                                                   
      7839 KING       PRESIDENT            17-NOV-81       5000                    10                                                                                                                   
      7844 TURNER     SALESMAN        7698 08-SEP-81       1500          0         30                                                                                                                   
      7876 ADAMS      CLERK           7788 23-MAY-87       1100                    20                                                                                                                   
      7900 JAMES      CLERK           7698 03-DEC-81        950                    30                                                                                                                   
      7902 FORD       ANALYST         7566 03-DEC-81       3000                    20                                                                                                                   
      7934 MILLER     CLERK           7782 23-JAN-82       1300                    10                                                                                                                   

14 rows selected.

SQL> update login_lab_bd set data_sf= sysdate where laborator='Lab1';

1 row updated.

SQL> update login_lab_bd set durata= round((data_sf-data_in)*24*60) where laborator='Lab1';

1 row updated.

SQL> commit;

Commit complete.

SQL> select instance_number,instance_name, to_char(startup_time, 'dd-mm-yyyy hh:mi:ss'), host_name
  2  from v$instance;

INSTANCE_NUMBER INSTANCE_NAME    TO_CHAR(STARTUP_TIM HOST_NAME                                                                                                                                          
--------------- ---------------- ------------------- ----------------------------------------------------------------                                                                                   
              1 db19c            04-03-2021 12:17:25 LUCIPC                                                                                                                                             

SQL> select nume_stud, grupa, laborator, to_char(data_in, 'dd-mm-yyyy hh:mi:ss') data_inceput,
  2  to_char(data_sf, 'dd-mm-yyyy hh:mi:ss') data_sfarsit, durata minute_lucrate from login_lab_bd;

NUME_STUD                      GRUPA      LABORATOR  DATA_INCEPUT        DATA_SFARSIT        MINUTE_LUCRATE                                                                                             
------------------------------ ---------- ---------- ------------------- ------------------- --------------                                                                                             
Grigore Lucian                 336CA      Lab1       04-03-2021 09:17:33 04-03-2021 09:25:32              8                                                                                             

SQL> spool off;
